[{"id":"user-image-Fazzoletti_bambu_12box_2000x2000px.webp","publicUrl":"np://user.desktop.nicepage.com/Site_68119641/images/Fazzoletti_bambu_12box_2000x2000px.webp","size":68840,"hash":"zmdPYCNNO7BEqNoMRmQjDqh8ack=","fileName":"Fazzoletti_bambu_12box_2000x2000px.webp","name":"Fazzoletti_bambu_12box_2000x2000px","width":1445,"height":1445,"thumbnail":{"url":"np://user.desktop.nicepage.com/Site_68119641/images/thumbnails/Fazzoletti_bambu_12box_2000x2000px.webp","width":250,"height":250},"folderId":null,"usages":["product:1","696816653"]},{"id":"user-image-Rotolo-Asciugatutto-Riutilizzabili-in-Bambu-1.webp","publicUrl":"np://user.desktop.nicepage.com/Site_68119641/images/Rotolo-Asciugatutto-Riutilizzabili-in-Bambu-1.webp","size":81918,"hash":"mlFAkZpWxIHXQA+yDE9zZBBAkks=","fileName":"Rotolo-Asciugatutto-Riutilizzabili-in-Bambu-1.webp","name":"Rotolo-Asciugatutto-Riutilizzabili-in-Bambu-1","width":1080,"height":1080,"thumbnail":{"url":"np://user.desktop.nicepage.com/Site_68119641/images/thumbnails/Rotolo-Asciugatutto-Riutilizzabili-in-Bambu-1.webp","width":250,"height":250},"folderId":null,"usages":["product:2","696816653"]},{"id":"user-image-1819744.png","publicUrl":"np://user.desktop.nicepage.com/Site_68119641/images/1819744.png","size":3687,"hash":"cbBiCwuHwzH2kczIi/oBRzMs4ak=","fileName":"1819744.png","name":"1819744","width":128,"height":128,"thumbnail":{"url":"np://user.desktop.nicepage.com/Site_68119641/images/thumbnails/1819744.png","width":128,"height":128,"length":3687,"type":"png"},"folderId":null,"originalUrl":"https://assets.nicepagecdn.com/d2cc3eaa/6350264/images/1819744.png","usages":["696816653","25023819"]},{"id":"user-image-542638.png","publicUrl":"np://user.desktop.nicepage.com/Site_68119641/images/542638.png","size":1880,"hash":"sc2XNtBQJ4cCk30ORdVZbM4ZdEw=","fileName":"542638.png","name":"542638","width":128,"height":128,"thumbnail":{"url":"np://user.desktop.nicepage.com/Site_68119641/images/thumbnails/542638.png","width":128,"height":128,"length":1880,"type":"png"},"folderId":null,"originalUrl":"https://assets.nicepagecdn.com/d2cc3eaa/6350264/images/542638.png","usages":["696816653","25023819"]},{"id":"user-image-327589.png","publicUrl":"np://user.desktop.nicepage.com/Site_68119641/images/327589.png","size":3762,"hash":"QnDcXMCIXgh1xVng3Po7c5QggV0=","fileName":"327589.png","name":"327589","width":128,"height":128,"thumbnail":{"url":"np://user.desktop.nicepage.com/Site_68119641/images/thumbnails/327589.png","width":128,"height":128,"length":3762,"type":"png"},"folderId":null,"originalUrl":"https://assets.nicepagecdn.com/d2cc3eaa/6350264/images/327589.png","usages":["696816653","25023819"]},{"id":"user-image-carta_vendita_finale.jpg","publicUrl":"np://user.desktop.nicepage.com/Site_68119641/images/carta_vendita_finale.jpg","size":100747,"hash":"n05l7Y/4RCkHdEDqHe2ESWf0C9s=","fileName":"carta_vendita_finale.jpg","name":"carta_vendita_finale","width":800,"height":800,"thumbnail":{"url":"np://user.desktop.nicepage.com/Site_68119641/images/thumbnails/carta_vendita_finale.jpg","width":250,"height":250},"folderId":null,"usages":["product:3","696816653"]},{"id":"user-image-2106204.png","publicUrl":"np://user.desktop.nicepage.com/Site_68119641/images/2106204.png","size":2753,"hash":"XC7sYO0X+PA9hhOJaRSXpqvzYEk=","fileName":"2106204.png","name":"2106204","width":128,"height":128,"thumbnail":{"url":"np://user.desktop.nicepage.com/Site_68119641/images/thumbnails/2106204.png","width":128,"height":128,"length":2753,"type":"png"},"folderId":null,"usages":["696816653"]},{"id":"user-image-3782141.png","publicUrl":"np://user.desktop.nicepage.com/Site_68119641/images/3782141.png","size":6708,"hash":"HcRv9voPZZGxPfgXflSu59LFjFM=","fileName":"3782141.png","name":"3782141","width":128,"height":128,"thumbnail":{"url":"np://user.desktop.nicepage.com/Site_68119641/images/thumbnails/3782141.png","width":128,"height":128,"length":6708,"type":"png"},"folderId":null,"usages":["696816653"]},{"id":"user-image-584052.png","publicUrl":"np://user.desktop.nicepage.com/Site_68119641/images/584052.png","size":8202,"hash":"a9t436/ASp6KJ1tUveLtXCHd1so=","fileName":"584052.png","name":"584052","width":128,"height":128,"thumbnail":{"url":"np://user.desktop.nicepage.com/Site_68119641/images/thumbnails/584052.png","width":128,"height":128,"length":8202,"type":"png"},"folderId":null,"usages":["696816653"]},{"id":"user-image-1892751.png","publicUrl":"np://user.desktop.nicepage.com/Site_68119641/images/1892751.png","size":10698,"hash":"QLPCOEw3bC8a5VrBzGYSLkIWGbQ=","fileName":"1892751.png","name":"1892751","width":128,"height":128,"thumbnail":{"url":"np://user.desktop.nicepage.com/Site_68119641/images/thumbnails/1892751.png","width":128,"height":128,"length":10698,"type":"png"},"folderId":null,"usages":["696816653"]},{"id":"user-image-1076170.png","publicUrl":"np://user.desktop.nicepage.com/Site_68119641/images/1076170.png","size":3613,"hash":"Q+AHDnnRSr0TdMZoOH0j818i/+c=","fileName":"1076170.png","name":"1076170","width":128,"height":128,"thumbnail":{"url":"np://user.desktop.nicepage.com/Site_68119641/images/thumbnails/1076170.png","width":128,"height":128,"length":3613,"type":"png"},"folderId":null,"usages":["696816653"]},{"id":"user-image-1534216.png","publicUrl":"np://user.desktop.nicepage.com/Site_68119641/images/1534216.png","size":4921,"hash":"Mm7afBUSc2GjhNTQPUYekolsLDc=","fileName":"1534216.png","name":"1534216","width":128,"height":128,"thumbnail":{"url":"np://user.desktop.nicepage.com/Site_68119641/images/thumbnails/1534216.png","width":128,"height":128,"length":4921,"type":"png"},"folderId":null,"usages":["696816653"]},{"id":"user-image-5928165.png","publicUrl":"np://user.desktop.nicepage.com/Site_68119641/images/5928165.png","size":3947,"hash":"NcsiDKCWIPsBCFHYNVvoLB8dDPU=","fileName":"5928165.png","name":"5928165","width":128,"height":128,"thumbnail":{"url":"np://user.desktop.nicepage.com/Site_68119641/images/thumbnails/5928165.png","width":128,"height":128,"length":3947,"type":"png"},"folderId":null,"usages":["696816653"]},{"id":"user-image-carta_igenica_2.webp","publicUrl":"np://user.desktop.nicepage.com/Site_68119641/images/carta_igenica_2.webp","size":17190,"hash":"hEXuyFVrDCl/+4B02m/fikVacIg=","fileName":"carta_igenica_2.webp","name":"carta_igenica_2","width":1080,"height":1080,"thumbnail":{"url":"np://user.desktop.nicepage.com/Site_68119641/images/thumbnails/carta_igenica_2.webp","width":250,"height":250},"folderId":null,"usages":["696816653"]},{"id":"user-image-mamboom.jpeg","publicUrl":"np://user.desktop.nicepage.com/Site_68119641/images/mamboom.jpeg","size":107684,"hash":"W6REkkazIJkYyJXUZr6tNmczOg4=","fileName":"mamboom.jpeg","name":"mamboom","width":1600,"height":1000,"thumbnail":{"url":"np://user.desktop.nicepage.com/Site_68119641/images/thumbnails/mamboom.jpeg","width":250,"height":156},"folderId":null,"usages":[]},{"id":"user-image-5414230.png","publicUrl":"np://user.desktop.nicepage.com/Site_68119641/images/5414230.png","size":10714,"hash":"BtG6GE2yjYjvyx3rmqI7q5Bhoqg=","fileName":"5414230.png","name":"5414230","width":128,"height":128,"thumbnail":{"url":"np://user.desktop.nicepage.com/Site_68119641/images/thumbnails/5414230.png","width":128,"height":128,"length":10714,"type":"png"},"folderId":null,"usages":["696816653","57480064"]},{"id":"user-image-carta_igenica_bamboo.jpg","publicUrl":"np://user.desktop.nicepage.com/Site_68119641/images/carta_igenica_bamboo.jpg","size":127264,"hash":"zMC8hPj3EIXFPXoNE3gwAwYp+P4=","fileName":"carta_igenica_bamboo.jpg","name":"carta_igenica_bamboo","width":1200,"height":800,"thumbnail":{"url":"np://user.desktop.nicepage.com/Site_68119641/images/thumbnails/carta_igenica_bamboo.jpg","width":250,"height":167},"folderId":null,"usages":["696816653","57480064"]},{"id":"user-image-3462063.png","publicUrl":"np://user.desktop.nicepage.com/Site_68119641/images/3462063.png","size":3863,"hash":"q/4OJydiyS7+8pqBbNfa97U7QL0=","fileName":"3462063.png","name":"3462063","width":128,"height":128,"thumbnail":{"url":"np://user.desktop.nicepage.com/Site_68119641/images/thumbnails/3462063.png","width":128,"height":128,"length":3863,"type":"png"},"folderId":null,"originalUrl":"https://assets.nicepagecdn.com/d2cc3eaa/6322200/images/3462063.png","usages":["696816653","57480064"]},{"id":"user-image-3373025.png","publicUrl":"np://user.desktop.nicepage.com/Site_68119641/images/3373025.png","size":3738,"hash":"mFzXhKOBOBEn1sDpIYGloR2EJ5o=","fileName":"3373025.png","name":"3373025","width":128,"height":128,"thumbnail":{"url":"np://user.desktop.nicepage.com/Site_68119641/images/thumbnails/3373025.png","width":128,"height":128,"length":3738,"type":"png"},"folderId":null,"originalUrl":"https://assets.nicepagecdn.com/d2cc3eaa/6322200/images/3373025.png","usages":["696816653","57480064"]},{"id":"user-image-1587922.png","publicUrl":"np://user.desktop.nicepage.com/Site_68119641/images/1587922.png","size":4343,"hash":"o0lpRhKAjy0BYCR1BLJ9hAfWy/I=","fileName":"1587922.png","name":"1587922","width":128,"height":128,"thumbnail":{"url":"np://user.desktop.nicepage.com/Site_68119641/images/thumbnails/1587922.png","width":128,"height":128,"length":4343,"type":"png"},"folderId":null,"originalUrl":"https://assets.nicepagecdn.com/d2cc3eaa/6322200/images/1587922.png","usages":["696816653","57480064"]},{"id":"user-image-nmyxjBGsq0mMQkOd3Wolj5vBvyl+gtK6A==.jpeg","publicUrl":"np://user.desktop.nicepage.com/Site_68119641/images/nmyxjBGsq0mMQkOd3Wolj5vBvyl+gtK6A==.jpeg","size":1276606,"hash":"n/RXURuU2U0oFpAKYOlGmOZm1rA=","fileName":"nmyxjBGsq0mMQkOd3Wolj5vBvyl+gtK6A==.jpeg","name":"nmyxjBGsq0mMQkOd3Wolj5vBvyl+gtK6A==","width":1500,"height":1000,"thumbnail":{"url":"np://user.desktop.nicepage.com/Site_68119641/images/thumbnails/nmyxjBGsq0mMQkOd3Wolj5vBvyl+gtK6A==.jpeg","width":250,"height":167},"folderId":null,"usages":["696816653"]}]