[{"id":251516937,"title":"Blog Template","order":1,"templateKey":"blog","customTemplate":false,"customTemplateFilename":null,"pageLinks":["6","5","4"],"dateCreated":"2025-01-07T17:47:00.297Z","dateUpdated":"2025-01-07T19:10:18.002Z","folderId":null,"pageName":"Blog Template","serverPageId":null,"sectionCount":1,"status":2,"backwardUrl":null},{"id":119184733,"title":"Post Template","order":2,"templateKey":"post","customTemplate":false,"customTemplateFilename":null,"pageLinks":[],"dateCreated":"2025-01-07T17:47:00.374Z","dateUpdated":"2025-01-07T17:47:01.348Z","folderId":null,"pageName":"Post Template","serverPageId":null,"sectionCount":1,"status":2,"backwardUrl":null},{"id":58854184,"title":"Product List Template","order":3,"templateKey":"products","customTemplate":false,"customTemplateFilename":null,"pageLinks":[],"dateCreated":"2025-01-07T17:47:00.461Z","dateUpdated":"2025-01-07T19:06:42.398Z","folderId":null,"pageName":"Product List Template","serverPageId":null,"sectionCount":1,"status":2,"backwardUrl":null},{"id":98677577,"title":"Product Details Template","order":4,"templateKey":"product","customTemplate":false,"customTemplateFilename":null,"pageLinks":[],"dateCreated":"2025-01-07T17:47:00.557Z","dateUpdated":"2025-01-07T19:06:43.404Z","folderId":null,"pageName":"Product Details Template","serverPageId":null,"sectionCount":1,"status":2,"backwardUrl":null},{"id":1810006593,"title":"Shopping Cart Template","order":5,"templateKey":"cart","customTemplate":false,"customTemplateFilename":null,"pageLinks":[],"dateCreated":"2025-01-07T17:47:00.640Z","dateUpdated":"2025-01-07T17:47:01.348Z","folderId":null,"pageName":"Shopping Cart Template","serverPageId":null,"sectionCount":1,"status":2,"backwardUrl":null},{"id":201161406,"title":"Checkout Template","order":6,"templateKey":"checkout","customTemplate":false,"customTemplateFilename":null,"pageLinks":[],"dateCreated":"2025-01-07T17:47:00.759Z","dateUpdated":"2025-01-07T17:47:01.348Z","folderId":null,"pageName":"Checkout Template","serverPageId":null,"sectionCount":1,"status":2,"backwardUrl":null},{"id":19483418,"title":"Login Template","order":7,"templateKey":"login","customTemplate":false,"customTemplateFilename":null,"pageLinks":[],"dateCreated":"2025-01-07T17:47:00.840Z","dateUpdated":"2025-01-07T17:47:01.349Z","folderId":null,"pageName":"Login Template","serverPageId":null,"sectionCount":1,"status":2,"backwardUrl":null},{"id":995815214,"title":"Search Page Template","order":8,"templateKey":"Search","customTemplate":false,"customTemplateFilename":null,"pageLinks":[],"dateCreated":"2025-01-07T17:47:00.926Z","dateUpdated":"2025-01-07T17:47:01.349Z","folderId":null,"pageName":"Search Page Template","serverPageId":null,"sectionCount":1,"status":2,"backwardUrl":null},{"id":578826830,"title":"Page Password Template","order":9,"templateKey":"password","customTemplate":false,"customTemplateFilename":null,"pageLinks":[],"dateCreated":"2025-01-07T17:47:00.991Z","dateUpdated":"2025-01-07T17:47:01.349Z","folderId":null,"pageName":"Page Password Template","serverPageId":null,"sectionCount":1,"status":2,"backwardUrl":null},{"id":277330581,"title":"404 Not Found Template","order":10,"templateKey":"404","customTemplate":false,"customTemplateFilename":null,"pageLinks":[],"dateCreated":"2025-01-07T17:47:01.045Z","dateUpdated":"2025-01-07T17:47:01.349Z","folderId":null,"pageName":"404 Not Found Template","serverPageId":null,"sectionCount":1,"status":2,"backwardUrl":null},{"id":793300052,"title":"Thank You Page Template","order":11,"templateKey":"ThankYou","customTemplate":false,"customTemplateFilename":null,"pageLinks":[],"dateCreated":"2025-01-07T17:47:01.091Z","dateUpdated":"2025-01-07T17:47:01.349Z","folderId":null,"pageName":"Thank You Page Template","serverPageId":null,"sectionCount":1,"status":2,"backwardUrl":null},{"id":696816653,"title":"Home","order":50,"templateKey":null,"customTemplate":false,"customTemplateFilename":null,"pageLinks":[],"dateCreated":"2025-01-07T17:47:02.544Z","dateUpdated":"2025-01-08T08:20:01.277Z","folderId":null,"pageName":"Home_696816653","serverPageId":null,"sectionCount":7,"status":2,"backwardUrl":null},{"id":57480064,"title":"Informazioni su","order":100,"templateKey":null,"customTemplate":false,"customTemplateFilename":null,"pageLinks":[],"dateCreated":"2025-01-07T17:47:01.127Z","dateUpdated":"2025-01-07T19:34:52.535Z","folderId":null,"pageName":"Informazioni su_57480064","serverPageId":null,"sectionCount":1,"status":2,"backwardUrl":null},{"id":25023819,"title":"Contatti","order":101,"templateKey":null,"customTemplate":false,"customTemplateFilename":null,"pageLinks":[],"dateCreated":"2025-01-07T17:47:01.153Z","dateUpdated":"2025-01-07T19:36:37.015Z","folderId":null,"pageName":"Contatti_25023819","serverPageId":null,"sectionCount":1,"status":2,"backwardUrl":null}]