{"products":[{"id":"1","name":"fazzoletti","title":"fazzoletti","description":"","fullDescription":"","price":"10","oldPrice":"","quantity":1,"currency":"USD","sku":"","outOfStock":false,"isFeatured":false,"categories":[],"images":[{"url":"np://user.desktop.nicepage.com/Site_68119641/images/Fazzoletti_bambu_12box_2000x2000px.webp"}],"created":1736278849990,"updated":1736278849990,"isDefault":false},{"id":"3","name":"carta-igenica-1","title":"carta igenica","description":"COMPRA ORA E AIUTA IL PIANETA","fullDescription":"","price":"10","oldPrice":"19","quantity":1,"currency":"USD","sku":"","outOfStock":false,"isFeatured":false,"categories":["3"],"images":[{"url":"np://user.desktop.nicepage.com/Site_68119641/images/carta_vendita_finale.jpg"}],"created":1736272021681,"updated":1736278128421,"isDefault":true},{"id":"2","name":"asciugatutto","title":"asciugatutto","description":"","fullDescription":"","price":"10","oldPrice":"","quantity":1,"currency":"USD","sku":"","outOfStock":false,"isFeatured":false,"categories":["1"],"images":[{"url":"np://user.desktop.nicepage.com/Site_68119641/images/Rotolo-Asciugatutto-Riutilizzabili-in-Bambu-1.webp"}],"created":1736272021681,"updated":1736278834878,"isDefault":true}],"categories":[{"id":"1","title":"Abbigliamento","categoryId":null,"created":1736272021680,"updated":1736272021680},{"id":"2","title":"Scarpe","categoryId":null,"created":1736272021680,"updated":1736272021680},{"id":"3","title":"Accessori","categoryId":null,"created":1736272021680,"updated":1736272021680}]}